{
  "timestamp": "20260502T044529Z",
  "params": {
    "iterations": 1,
    "files": 8,
    "file_size_kb": 4,
    "retrieve_count": 3,
    "backends": [
      "local"
    ],
    "compression_modes": [
      "compressed",
      "raw"
    ],
    "r2_auth_mode": "",
    "search_queries": [
      "topic_alpha",
      "topic_beta",
      "unique_marker_00010",
      "topic_gamma"
    ]
  },
  "results": [
    {
      "backend": "local",
      "compression_mode": "compressed",
      "backend_label": "local_compressed",
      "iteration": 1,
      "store": {
        "duration_s": 1.0507725830102572,
        "files": 8,
        "files_per_sec": 7.613445696386148
      },
      "retrieve": {
        "samples": 3,
        "total_s": 6.513275999983307,
        "mean_s": 2.171091999994436,
        "p95_s": 2.174725854190183,
        "ops_per_sec": 0.4605977084354615
      },
      "search": {
        "queries": 4,
        "total_s": 4.2585371660097735,
        "mean_s": 1.0646342915024434,
        "p95_s": 1.076239708054345,
        "queries_per_sec": 0.939289677198703
      },
      "delete": {
        "samples": 3,
        "total_s": 3.1994553319964325,
        "mean_s": 1.0664851106654776,
        "p95_s": 1.075204720205511,
        "ops_per_sec": 0.9376595978691241
      },
      "local_object_files_after_add": 8,
      "local_object_bytes_after_add": 3271,
      "local_object_files_end": 8,
      "local_object_bytes_end": 3271
    },
    {
      "backend": "local",
      "compression_mode": "raw",
      "backend_label": "local_raw",
      "iteration": 1,
      "store": {
        "duration_s": 1.0530122500058496,
        "files": 8,
        "files_per_sec": 7.597252548539259
      },
      "retrieve": {
        "samples": 3,
        "total_s": 6.593290709002758,
        "mean_s": 2.197763569667586,
        "p95_s": 2.2031455712029127,
        "ops_per_sec": 0.45500799713012396
      },
      "search": {
        "queries": 4,
        "total_s": 4.268048001002171,
        "mean_s": 1.0670120002505428,
        "p95_s": 1.0900083313026698,
        "queries_per_sec": 0.9371965823863201
      },
      "delete": {
        "samples": 3,
        "total_s": 3.2159560000000056,
        "mean_s": 1.0719853333333351,
        "p95_s": 1.0811266878066816,
        "ops_per_sec": 0.9328485837492785
      },
      "local_object_files_after_add": 8,
      "local_object_bytes_after_add": 3271,
      "local_object_files_end": 8,
      "local_object_bytes_end": 3271
    }
  ],
  "summary": {
    "local_compressed": {
      "iterations": 1,
      "backend": "local",
      "compression_mode": "compressed",
      "store_files_per_sec_mean": 7.613445696386148,
      "store_files_per_sec_p95": 7.613445696386148,
      "retrieve_mean_s_mean": 2.171091999994436,
      "retrieve_mean_s_p95": 2.171091999994436,
      "retrieve_ops_per_sec_mean": 0.4605977084354615,
      "search_mean_s_mean": 1.0646342915024434,
      "search_mean_s_p95": 1.0646342915024434,
      "search_queries_per_sec_mean": 0.939289677198703,
      "delete_mean_s_mean": 1.0664851106654776,
      "delete_mean_s_p95": 1.0664851106654776,
      "delete_ops_per_sec_mean": 0.9376595978691241
    },
    "local_raw": {
      "iterations": 1,
      "backend": "local",
      "compression_mode": "raw",
      "store_files_per_sec_mean": 7.597252548539259,
      "store_files_per_sec_p95": 7.597252548539259,
      "retrieve_mean_s_mean": 2.197763569667586,
      "retrieve_mean_s_p95": 2.197763569667586,
      "retrieve_ops_per_sec_mean": 0.45500799713012396,
      "search_mean_s_mean": 1.0670120002505428,
      "search_mean_s_p95": 1.0670120002505428,
      "search_queries_per_sec_mean": 0.9371965823863201,
      "delete_mean_s_mean": 1.0719853333333351,
      "delete_mean_s_p95": 1.0719853333333351,
      "delete_ops_per_sec_mean": 0.9328485837492785
    }
  }
}